<MorpheusModel version="4">
    <Description>
        <Title>Example-Protrusion</Title>
        <Details>Model for cell protrusions using the Act model. 

The Act model defines a local positive feedback mechanism, insprired by actin dynamics, that promotes protrusions in recently active areas.

Reference:
Ioana Niculescu, Johannes Textor, Rob J. de Boer, Crawling and Gliding: A Computational Model for Shape-Driven Cell Migration, PLoS Comp Biol, 2015.
http://journals.plos.org/ploscompbiol/article?id=10.1371/journal.pcbi.1004280</Details>
    </Description>
    <Global>
        <Field symbol="act" value="0" name="actin activity">
            <Diffusion rate="0"/>
        </Field>
    </Global>
    <Space>
        <Lattice class="hexagonal">
            <Size symbol="size" value="200, 200, 0"/>
            <Neighborhood>
                <Order>2</Order>
            </Neighborhood>
            <BoundaryConditions>
                <Condition boundary="x" type="periodic"/>
                <Condition boundary="y" type="periodic"/>
            </BoundaryConditions>
        </Lattice>
        <SpaceSymbol symbol="space"/>
    </Space>
    <Time>
        <StartTime value="0"/>
        <StopTime value="15000"/>
        <TimeSymbol symbol="time"/>
    </Time>
    <CellTypes>
        <CellType class="biological" name="amoeba">
            <VolumeConstraint target="2500" strength="50"/>
            <SurfaceConstraint mode="aspherity" target="1" strength="5"/>
            <Protrusion field="act" maximum="200" strength="80"/>
            <ConnectivityConstraint/>
        </CellType>
        <CellType class="medium" name="medium"/>
        <CellType class="biological" name="obstacle">
            <FreezeMotion>
                <Condition>1</Condition>
            </FreezeMotion>
        </CellType>
    </CellTypes>
    <CPM>
        <Interaction>
            <Contact type1="amoeba" type2="medium" value="140"/>
            <Contact type1="medium" type2="medium" value="0"/>
            <Contact type1="amoeba" type2="obstacle" value="140"/>
        </Interaction>
        <MonteCarloSampler stepper="edgelist">
            <MCSDuration value="1"/>
            <Neighborhood>
                <Order>1</Order>
            </Neighborhood>
            <MetropolisKinetics temperature="20"/>
        </MonteCarloSampler>
        <ShapeSurface scaling="norm">
            <Neighborhood>
                <Order>2</Order>
            </Neighborhood>
        </ShapeSurface>
    </CPM>
    <CellPopulations>
        <Population size="0" type="amoeba">
            <InitCellObjects mode="distance">
                <Arrangement displacements="1, 1, 1" repetitions="1, 1, 1">
                    <Sphere center="100,100,0" radius="25"/>
                </Arrangement>
            </InitCellObjects>
        </Population>
        <Population size="1" type="obstacle">
            <InitCellObjects mode="distance">
                <Arrangement displacements="100, 1, 1" repetitions="2, 1, 1">
                    <Sphere center="50,100,0" radius="10"/>
                </Arrangement>
            </InitCellObjects>
        </Population>
    </CellPopulations>
    <Analysis>
        <Gnuplotter time-step="250" decorate="false">
            <Terminal name="png"/>
            <Plot>
                <Cells opacity="0.2" value="cell.id">
                </Cells>
                <Field symbol-ref="act"/>
            </Plot>
        </Gnuplotter>
        <Logger time-step="10">
            <Input>
                <Symbol symbol-ref="cell.center.x"/>
                <Symbol symbol-ref="cell.center.y"/>
            </Input>
            <Output>
                <TextOutput file-separation="cell"/>
            </Output>
            <Plots>
                <Plot time-step="-1">
                    <Style line-width="2.0" style="lines"/>
                    <Terminal terminal="png"/>
                    <X-axis>
                        <Symbol symbol-ref="cell.center.x"/>
                    </X-axis>
                    <Y-axis>
                        <Symbol symbol-ref="cell.center.y"/>
                    </Y-axis>
                    <Color-bar>
                        <Symbol symbol-ref="time"/>
                    </Color-bar>
                </Plot>
            </Plots>
            <Restriction>
                <Celltype celltype="amoeba"/>
            </Restriction>
        </Logger>
        <ModelGraph reduced="false" include-tags="#untagged" format="svg"/>
    </Analysis>
</MorpheusModel>
