{
  "type": "File",
  "start": 0,
  "end": 426,
  "loc": {
    "start": {
      "line": 1,
      "column": 0
    },
    "end": {
      "line": 10,
      "column": 2
    }
  },
  "program": {
    "type": "Program",
    "start": 0,
    "end": 426,
    "loc": {
      "start": {
        "line": 1,
        "column": 0
      },
      "end": {
        "line": 10,
        "column": 2
      }
    },
    "sourceType": "module",
    "body": [],
    "directives": [],
    "leadingComments": null,
    "innerComments": [
      {
        "type": "CommentBlock",
        "value": "* An object where each cell on the grid has a key (its {@link CellId}), and the\ncorresponding value at that key is an array with some values for that cell. These\narrays do not have to be of the same length.\n@typedef {object} CellArrayObject\n",
        "start": 0,
        "end": 245,
        "loc": {
          "start": {
            "line": 1,
            "column": 0
          },
          "end": {
            "line": 5,
            "column": 2
          }
        }
      },
      {
        "type": "CommentBlock",
        "value": "* An object where each cell on the grid has a key (its {@link CellId}), and the\ncorresponding value at that key is single property of that cell. \n@typedef {object} CellObject\n",
        "start": 247,
        "end": 426,
        "loc": {
          "start": {
            "line": 7,
            "column": 0
          },
          "end": {
            "line": 10,
            "column": 2
          }
        }
      }
    ]
  },
  "comments": [
    {
      "type": "CommentBlock",
      "value": "* An object where each cell on the grid has a key (its {@link CellId}), and the\ncorresponding value at that key is an array with some values for that cell. These\narrays do not have to be of the same length.\n@typedef {object} CellArrayObject\n",
      "start": 0,
      "end": 245,
      "loc": {
        "start": {
          "line": 1,
          "column": 0
        },
        "end": {
          "line": 5,
          "column": 2
        }
      }
    },
    {
      "type": "CommentBlock",
      "value": "* An object where each cell on the grid has a key (its {@link CellId}), and the\ncorresponding value at that key is single property of that cell. \n@typedef {object} CellObject\n",
      "start": 247,
      "end": 426,
      "loc": {
        "start": {
          "line": 7,
          "column": 0
        },
        "end": {
          "line": 10,
          "column": 2
        }
      }
    }
  ],
  "tokens": [
    {
      "type": "CommentBlock",
      "value": "* An object where each cell on the grid has a key (its {@link CellId}), and the\ncorresponding value at that key is an array with some values for that cell. These\narrays do not have to be of the same length.\n@typedef {object} CellArrayObject\n",
      "start": 0,
      "end": 245,
      "loc": {
        "start": {
          "line": 1,
          "column": 0
        },
        "end": {
          "line": 5,
          "column": 2
        }
      }
    },
    {
      "type": "CommentBlock",
      "value": "* An object where each cell on the grid has a key (its {@link CellId}), and the\ncorresponding value at that key is single property of that cell. \n@typedef {object} CellObject\n",
      "start": 247,
      "end": 426,
      "loc": {
        "start": {
          "line": 7,
          "column": 0
        },
        "end": {
          "line": 10,
          "column": 2
        }
      }
    },
    {
      "type": {
        "label": "eof",
        "beforeExpr": false,
        "startsExpr": false,
        "rightAssociative": false,
        "isLoop": false,
        "isAssign": false,
        "prefix": false,
        "postfix": false,
        "binop": null,
        "updateContext": null
      },
      "start": 426,
      "end": 426,
      "loc": {
        "start": {
          "line": 10,
          "column": 2
        },
        "end": {
          "line": 10,
          "column": 2
        }
      }
    }
  ]
}