{
  "type": "File",
  "start": 0,
  "end": 1337,
  "loc": {
    "start": {
      "line": 1,
      "column": 0
    },
    "end": {
      "line": 31,
      "column": 0
    }
  },
  "program": {
    "type": "Program",
    "start": 0,
    "end": 1337,
    "loc": {
      "start": {
        "line": 1,
        "column": 0
      },
      "end": {
        "line": 31,
        "column": 0
      }
    },
    "sourceType": "module",
    "body": [
      {
        "type": "ImportDeclaration",
        "start": 2,
        "end": 38,
        "loc": {
          "start": {
            "line": 3,
            "column": 0
          },
          "end": {
            "line": 3,
            "column": 36
          }
        },
        "specifiers": [
          {
            "type": "ImportDefaultSpecifier",
            "start": 9,
            "end": 17,
            "loc": {
              "start": {
                "line": 3,
                "column": 7
              },
              "end": {
                "line": 3,
                "column": 15
              }
            },
            "local": {
              "type": "Identifier",
              "start": 9,
              "end": 17,
              "loc": {
                "start": {
                  "line": 3,
                  "column": 7
                },
                "end": {
                  "line": 3,
                  "column": 15
                },
                "identifierName": "Adhesion"
              },
              "name": "Adhesion"
            }
          }
        ],
        "source": {
          "type": "StringLiteral",
          "start": 23,
          "end": 38,
          "loc": {
            "start": {
              "line": 3,
              "column": 21
            },
            "end": {
              "line": 3,
              "column": 36
            }
          },
          "extra": {
            "rawValue": "./Adhesion.js",
            "raw": "\"./Adhesion.js\""
          },
          "value": "./Adhesion.js"
        }
      },
      {
        "type": "ImportDeclaration",
        "start": 39,
        "end": 91,
        "loc": {
          "start": {
            "line": 4,
            "column": 0
          },
          "end": {
            "line": 4,
            "column": 52
          }
        },
        "specifiers": [
          {
            "type": "ImportDefaultSpecifier",
            "start": 46,
            "end": 62,
            "loc": {
              "start": {
                "line": 4,
                "column": 7
              },
              "end": {
                "line": 4,
                "column": 23
              }
            },
            "local": {
              "type": "Identifier",
              "start": 46,
              "end": 62,
              "loc": {
                "start": {
                  "line": 4,
                  "column": 7
                },
                "end": {
                  "line": 4,
                  "column": 23
                },
                "identifierName": "VolumeConstraint"
              },
              "name": "VolumeConstraint"
            }
          }
        ],
        "source": {
          "type": "StringLiteral",
          "start": 68,
          "end": 91,
          "loc": {
            "start": {
              "line": 4,
              "column": 29
            },
            "end": {
              "line": 4,
              "column": 52
            }
          },
          "extra": {
            "rawValue": "./VolumeConstraint.js",
            "raw": "\"./VolumeConstraint.js\""
          },
          "value": "./VolumeConstraint.js"
        }
      },
      {
        "type": "ImportDeclaration",
        "start": 92,
        "end": 148,
        "loc": {
          "start": {
            "line": 5,
            "column": 0
          },
          "end": {
            "line": 5,
            "column": 56
          }
        },
        "specifiers": [
          {
            "type": "ImportDefaultSpecifier",
            "start": 99,
            "end": 117,
            "loc": {
              "start": {
                "line": 5,
                "column": 7
              },
              "end": {
                "line": 5,
                "column": 25
              }
            },
            "local": {
              "type": "Identifier",
              "start": 99,
              "end": 117,
              "loc": {
                "start": {
                  "line": 5,
                  "column": 7
                },
                "end": {
                  "line": 5,
                  "column": 25
                },
                "identifierName": "ActivityConstraint"
              },
              "name": "ActivityConstraint"
            }
          }
        ],
        "source": {
          "type": "StringLiteral",
          "start": 123,
          "end": 148,
          "loc": {
            "start": {
              "line": 5,
              "column": 31
            },
            "end": {
              "line": 5,
              "column": 56
            }
          },
          "extra": {
            "rawValue": "./ActivityConstraint.js",
            "raw": "\"./ActivityConstraint.js\""
          },
          "value": "./ActivityConstraint.js"
        }
      },
      {
        "type": "ImportDeclaration",
        "start": 149,
        "end": 207,
        "loc": {
          "start": {
            "line": 6,
            "column": 0
          },
          "end": {
            "line": 6,
            "column": 58
          }
        },
        "specifiers": [
          {
            "type": "ImportDefaultSpecifier",
            "start": 156,
            "end": 175,
            "loc": {
              "start": {
                "line": 6,
                "column": 7
              },
              "end": {
                "line": 6,
                "column": 26
              }
            },
            "local": {
              "type": "Identifier",
              "start": 156,
              "end": 175,
              "loc": {
                "start": {
                  "line": 6,
                  "column": 7
                },
                "end": {
                  "line": 6,
                  "column": 26
                },
                "identifierName": "PerimeterConstraint"
              },
              "name": "PerimeterConstraint"
            }
          }
        ],
        "source": {
          "type": "StringLiteral",
          "start": 181,
          "end": 207,
          "loc": {
            "start": {
              "line": 6,
              "column": 32
            },
            "end": {
              "line": 6,
              "column": 58
            }
          },
          "extra": {
            "rawValue": "./PerimeterConstraint.js",
            "raw": "\"./PerimeterConstraint.js\""
          },
          "value": "./PerimeterConstraint.js"
        }
      },
      {
        "type": "ImportDeclaration",
        "start": 208,
        "end": 262,
        "loc": {
          "start": {
            "line": 7,
            "column": 0
          },
          "end": {
            "line": 7,
            "column": 54
          }
        },
        "specifiers": [
          {
            "type": "ImportDefaultSpecifier",
            "start": 215,
            "end": 232,
            "loc": {
              "start": {
                "line": 7,
                "column": 7
              },
              "end": {
                "line": 7,
                "column": 24
              }
            },
            "local": {
              "type": "Identifier",
              "start": 215,
              "end": 232,
              "loc": {
                "start": {
                  "line": 7,
                  "column": 7
                },
                "end": {
                  "line": 7,
                  "column": 24
                },
                "identifierName": "BarrierConstraint"
              },
              "name": "BarrierConstraint"
            }
          }
        ],
        "source": {
          "type": "StringLiteral",
          "start": 238,
          "end": 262,
          "loc": {
            "start": {
              "line": 7,
              "column": 30
            },
            "end": {
              "line": 7,
              "column": 54
            }
          },
          "extra": {
            "rawValue": "./BarrierConstraint.js",
            "raw": "\"./BarrierConstraint.js\""
          },
          "value": "./BarrierConstraint.js",
          "leadingComments": null,
          "trailingComments": null
        },
        "trailingComments": [
          {
            "type": "CommentBlock",
            "value": "* This class enables automatic addition of Hamiltonian terms to a CPM\n * through their parameter names.\n *\n * For each parameter name, we specify one Hamiltonian term. If the parameter\n * is present, then a new instance of this term is initialized with the CPM's\n * configuration as parameter and added to the CPM. \n@type {object}\n@property {Constraint} J - An {@link Adhesion} constraint is added when there is a parameter J.\n@property {Constraint} LAMBDA_V - A {@link VolumeConstraint} is added when there is a parameter LAMBDA_V.\n@property {Constraint} LAMBDA_P - A {@link PerimeterConstraint} is added when there is a parameter LAMBDA_P.\n@property {Constraint} LAMBDA_ACT - An {@link ActivityConstraint} is added when there is a parameter LAMBDA_ACT.\n@property {Constraint} IS_BARRIER - A {@link BarrierConstraint} is added when there is a parameter IS_BARRIER.\n",
            "start": 264,
            "end": 1134,
            "loc": {
              "start": {
                "line": 9,
                "column": 0
              },
              "end": {
                "line": 21,
                "column": 2
              }
            }
          }
        ]
      },
      {
        "type": "Identifier",
        "start": 1135,
        "end": 1304,
        "loc": {
          "start": {
            "line": 22,
            "column": 0
          },
          "end": {
            "line": 28,
            "column": 1
          }
        },
        "declarations": [
          {
            "type": "VariableDeclarator",
            "start": 1139,
            "end": 1304,
            "loc": {
              "start": {
                "line": 22,
                "column": 4
              },
              "end": {
                "line": 28,
                "column": 1
              }
            },
            "id": {
              "type": "Identifier",
              "start": 1139,
              "end": 1154,
              "loc": {
                "start": {
                  "line": 22,
                  "column": 4
                },
                "end": {
                  "line": 22,
                  "column": 19
                },
                "identifierName": "AutoAdderConfig"
              },
              "name": "AutoAdderConfig",
              "leadingComments": null
            },
            "init": {
              "type": "ObjectExpression",
              "start": 1157,
              "end": 1304,
              "loc": {
                "start": {
                  "line": 22,
                  "column": 22
                },
                "end": {
                  "line": 28,
                  "column": 1
                }
              },
              "properties": [
                {
                  "type": "ObjectProperty",
                  "start": 1160,
                  "end": 1172,
                  "loc": {
                    "start": {
                      "line": 23,
                      "column": 1
                    },
                    "end": {
                      "line": 23,
                      "column": 13
                    }
                  },
                  "method": false,
                  "shorthand": false,
                  "computed": false,
                  "key": {
                    "type": "Identifier",
                    "start": 1160,
                    "end": 1161,
                    "loc": {
                      "start": {
                        "line": 23,
                        "column": 1
                      },
                      "end": {
                        "line": 23,
                        "column": 2
                      },
                      "identifierName": "J"
                    },
                    "name": "J"
                  },
                  "value": {
                    "type": "Identifier",
                    "start": 1164,
                    "end": 1172,
                    "loc": {
                      "start": {
                        "line": 23,
                        "column": 5
                      },
                      "end": {
                        "line": 23,
                        "column": 13
                      },
                      "identifierName": "Adhesion"
                    },
                    "name": "Adhesion"
                  }
                },
                {
                  "type": "ObjectProperty",
                  "start": 1175,
                  "end": 1202,
                  "loc": {
                    "start": {
                      "line": 24,
                      "column": 1
                    },
                    "end": {
                      "line": 24,
                      "column": 28
                    }
                  },
                  "method": false,
                  "shorthand": false,
                  "computed": false,
                  "key": {
                    "type": "Identifier",
                    "start": 1175,
                    "end": 1183,
                    "loc": {
                      "start": {
                        "line": 24,
                        "column": 1
                      },
                      "end": {
                        "line": 24,
                        "column": 9
                      },
                      "identifierName": "LAMBDA_V"
                    },
                    "name": "LAMBDA_V"
                  },
                  "value": {
                    "type": "Identifier",
                    "start": 1186,
                    "end": 1202,
                    "loc": {
                      "start": {
                        "line": 24,
                        "column": 12
                      },
                      "end": {
                        "line": 24,
                        "column": 28
                      },
                      "identifierName": "VolumeConstraint"
                    },
                    "name": "VolumeConstraint"
                  }
                },
                {
                  "type": "ObjectProperty",
                  "start": 1205,
                  "end": 1236,
                  "loc": {
                    "start": {
                      "line": 25,
                      "column": 1
                    },
                    "end": {
                      "line": 25,
                      "column": 32
                    }
                  },
                  "method": false,
                  "shorthand": false,
                  "computed": false,
                  "key": {
                    "type": "Identifier",
                    "start": 1205,
                    "end": 1215,
                    "loc": {
                      "start": {
                        "line": 25,
                        "column": 1
                      },
                      "end": {
                        "line": 25,
                        "column": 11
                      },
                      "identifierName": "LAMBDA_ACT"
                    },
                    "name": "LAMBDA_ACT"
                  },
                  "value": {
                    "type": "Identifier",
                    "start": 1218,
                    "end": 1236,
                    "loc": {
                      "start": {
                        "line": 25,
                        "column": 14
                      },
                      "end": {
                        "line": 25,
                        "column": 32
                      },
                      "identifierName": "ActivityConstraint"
                    },
                    "name": "ActivityConstraint"
                  }
                },
                {
                  "type": "ObjectProperty",
                  "start": 1239,
                  "end": 1269,
                  "loc": {
                    "start": {
                      "line": 26,
                      "column": 1
                    },
                    "end": {
                      "line": 26,
                      "column": 31
                    }
                  },
                  "method": false,
                  "shorthand": false,
                  "computed": false,
                  "key": {
                    "type": "Identifier",
                    "start": 1239,
                    "end": 1247,
                    "loc": {
                      "start": {
                        "line": 26,
                        "column": 1
                      },
                      "end": {
                        "line": 26,
                        "column": 9
                      },
                      "identifierName": "LAMBDA_P"
                    },
                    "name": "LAMBDA_P"
                  },
                  "value": {
                    "type": "Identifier",
                    "start": 1250,
                    "end": 1269,
                    "loc": {
                      "start": {
                        "line": 26,
                        "column": 12
                      },
                      "end": {
                        "line": 26,
                        "column": 31
                      },
                      "identifierName": "PerimeterConstraint"
                    },
                    "name": "PerimeterConstraint"
                  }
                },
                {
                  "type": "ObjectProperty",
                  "start": 1272,
                  "end": 1302,
                  "loc": {
                    "start": {
                      "line": 27,
                      "column": 1
                    },
                    "end": {
                      "line": 27,
                      "column": 31
                    }
                  },
                  "method": false,
                  "shorthand": false,
                  "computed": false,
                  "key": {
                    "type": "Identifier",
                    "start": 1272,
                    "end": 1282,
                    "loc": {
                      "start": {
                        "line": 27,
                        "column": 1
                      },
                      "end": {
                        "line": 27,
                        "column": 11
                      },
                      "identifierName": "IS_BARRIER"
                    },
                    "name": "IS_BARRIER"
                  },
                  "value": {
                    "type": "Identifier",
                    "start": 1285,
                    "end": 1302,
                    "loc": {
                      "start": {
                        "line": 27,
                        "column": 14
                      },
                      "end": {
                        "line": 27,
                        "column": 31
                      },
                      "identifierName": "BarrierConstraint"
                    },
                    "name": "BarrierConstraint"
                  }
                }
              ]
            },
            "leadingComments": null
          }
        ],
        "kind": "let",
        "leadingComments": [],
        "name": "_",
        "trailingComments": []
      },
      {
        "type": "Identifier",
        "start": 1306,
        "end": 1336,
        "loc": {
          "start": {
            "line": 30,
            "column": 0
          },
          "end": {
            "line": 30,
            "column": 30
          }
        },
        "declaration": {
          "type": "Identifier",
          "start": 1321,
          "end": 1336,
          "loc": {
            "start": {
              "line": 30,
              "column": 15
            },
            "end": {
              "line": 30,
              "column": 30
            },
            "identifierName": "AutoAdderConfig"
          },
          "name": "AutoAdderConfig"
        },
        "name": "_",
        "leadingComments": [],
        "trailingComments": []
      },
      {
        "type": "ExportDefaultDeclaration",
        "start": 1306,
        "end": 1336,
        "loc": {
          "start": {
            "line": 30,
            "column": 0
          },
          "end": {
            "line": 30,
            "column": 30
          }
        },
        "declaration": {
          "type": "VariableDeclaration",
          "start": 1135,
          "end": 1304,
          "loc": {
            "start": {
              "line": 22,
              "column": 0
            },
            "end": {
              "line": 28,
              "column": 1
            }
          },
          "declarations": [
            {
              "type": "VariableDeclarator",
              "start": 1139,
              "end": 1304,
              "loc": {
                "start": {
                  "line": 22,
                  "column": 4
                },
                "end": {
                  "line": 28,
                  "column": 1
                }
              },
              "id": {
                "type": "Identifier",
                "start": 1139,
                "end": 1154,
                "loc": {
                  "start": {
                    "line": 22,
                    "column": 4
                  },
                  "end": {
                    "line": 22,
                    "column": 19
                  },
                  "identifierName": "AutoAdderConfig"
                },
                "name": "AutoAdderConfig",
                "leadingComments": null
              },
              "init": {
                "type": "ObjectExpression",
                "start": 1157,
                "end": 1304,
                "loc": {
                  "start": {
                    "line": 22,
                    "column": 22
                  },
                  "end": {
                    "line": 28,
                    "column": 1
                  }
                },
                "properties": [
                  {
                    "type": "ObjectProperty",
                    "start": 1160,
                    "end": 1172,
                    "loc": {
                      "start": {
                        "line": 23,
                        "column": 1
                      },
                      "end": {
                        "line": 23,
                        "column": 13
                      }
                    },
                    "method": false,
                    "shorthand": false,
                    "computed": false,
                    "key": {
                      "type": "Identifier",
                      "start": 1160,
                      "end": 1161,
                      "loc": {
                        "start": {
                          "line": 23,
                          "column": 1
                        },
                        "end": {
                          "line": 23,
                          "column": 2
                        },
                        "identifierName": "J"
                      },
                      "name": "J"
                    },
                    "value": {
                      "type": "Identifier",
                      "start": 1164,
                      "end": 1172,
                      "loc": {
                        "start": {
                          "line": 23,
                          "column": 5
                        },
                        "end": {
                          "line": 23,
                          "column": 13
                        },
                        "identifierName": "Adhesion"
                      },
                      "name": "Adhesion"
                    }
                  },
                  {
                    "type": "ObjectProperty",
                    "start": 1175,
                    "end": 1202,
                    "loc": {
                      "start": {
                        "line": 24,
                        "column": 1
                      },
                      "end": {
                        "line": 24,
                        "column": 28
                      }
                    },
                    "method": false,
                    "shorthand": false,
                    "computed": false,
                    "key": {
                      "type": "Identifier",
                      "start": 1175,
                      "end": 1183,
                      "loc": {
                        "start": {
                          "line": 24,
                          "column": 1
                        },
                        "end": {
                          "line": 24,
                          "column": 9
                        },
                        "identifierName": "LAMBDA_V"
                      },
                      "name": "LAMBDA_V"
                    },
                    "value": {
                      "type": "Identifier",
                      "start": 1186,
                      "end": 1202,
                      "loc": {
                        "start": {
                          "line": 24,
                          "column": 12
                        },
                        "end": {
                          "line": 24,
                          "column": 28
                        },
                        "identifierName": "VolumeConstraint"
                      },
                      "name": "VolumeConstraint"
                    }
                  },
                  {
                    "type": "ObjectProperty",
                    "start": 1205,
                    "end": 1236,
                    "loc": {
                      "start": {
                        "line": 25,
                        "column": 1
                      },
                      "end": {
                        "line": 25,
                        "column": 32
                      }
                    },
                    "method": false,
                    "shorthand": false,
                    "computed": false,
                    "key": {
                      "type": "Identifier",
                      "start": 1205,
                      "end": 1215,
                      "loc": {
                        "start": {
                          "line": 25,
                          "column": 1
                        },
                        "end": {
                          "line": 25,
                          "column": 11
                        },
                        "identifierName": "LAMBDA_ACT"
                      },
                      "name": "LAMBDA_ACT"
                    },
                    "value": {
                      "type": "Identifier",
                      "start": 1218,
                      "end": 1236,
                      "loc": {
                        "start": {
                          "line": 25,
                          "column": 14
                        },
                        "end": {
                          "line": 25,
                          "column": 32
                        },
                        "identifierName": "ActivityConstraint"
                      },
                      "name": "ActivityConstraint"
                    }
                  },
                  {
                    "type": "ObjectProperty",
                    "start": 1239,
                    "end": 1269,
                    "loc": {
                      "start": {
                        "line": 26,
                        "column": 1
                      },
                      "end": {
                        "line": 26,
                        "column": 31
                      }
                    },
                    "method": false,
                    "shorthand": false,
                    "computed": false,
                    "key": {
                      "type": "Identifier",
                      "start": 1239,
                      "end": 1247,
                      "loc": {
                        "start": {
                          "line": 26,
                          "column": 1
                        },
                        "end": {
                          "line": 26,
                          "column": 9
                        },
                        "identifierName": "LAMBDA_P"
                      },
                      "name": "LAMBDA_P"
                    },
                    "value": {
                      "type": "Identifier",
                      "start": 1250,
                      "end": 1269,
                      "loc": {
                        "start": {
                          "line": 26,
                          "column": 12
                        },
                        "end": {
                          "line": 26,
                          "column": 31
                        },
                        "identifierName": "PerimeterConstraint"
                      },
                      "name": "PerimeterConstraint"
                    }
                  },
                  {
                    "type": "ObjectProperty",
                    "start": 1272,
                    "end": 1302,
                    "loc": {
                      "start": {
                        "line": 27,
                        "column": 1
                      },
                      "end": {
                        "line": 27,
                        "column": 31
                      }
                    },
                    "method": false,
                    "shorthand": false,
                    "computed": false,
                    "key": {
                      "type": "Identifier",
                      "start": 1272,
                      "end": 1282,
                      "loc": {
                        "start": {
                          "line": 27,
                          "column": 1
                        },
                        "end": {
                          "line": 27,
                          "column": 11
                        },
                        "identifierName": "IS_BARRIER"
                      },
                      "name": "IS_BARRIER"
                    },
                    "value": {
                      "type": "Identifier",
                      "start": 1285,
                      "end": 1302,
                      "loc": {
                        "start": {
                          "line": 27,
                          "column": 14
                        },
                        "end": {
                          "line": 27,
                          "column": 31
                        },
                        "identifierName": "BarrierConstraint"
                      },
                      "name": "BarrierConstraint"
                    }
                  }
                ]
              },
              "leadingComments": null
            }
          ],
          "kind": "let",
          "leadingComments": [
            {
              "type": "CommentBlock",
              "value": "* This class enables automatic addition of Hamiltonian terms to a CPM\n * through their parameter names.\n *\n * For each parameter name, we specify one Hamiltonian term. If the parameter\n * is present, then a new instance of this term is initialized with the CPM's\n * configuration as parameter and added to the CPM. \n@type {object}\n@property {Constraint} J - An {@link Adhesion} constraint is added when there is a parameter J.\n@property {Constraint} LAMBDA_V - A {@link VolumeConstraint} is added when there is a parameter LAMBDA_V.\n@property {Constraint} LAMBDA_P - A {@link PerimeterConstraint} is added when there is a parameter LAMBDA_P.\n@property {Constraint} LAMBDA_ACT - An {@link ActivityConstraint} is added when there is a parameter LAMBDA_ACT.\n@property {Constraint} IS_BARRIER - A {@link BarrierConstraint} is added when there is a parameter IS_BARRIER.\n",
              "start": 264,
              "end": 1134,
              "loc": {
                "start": {
                  "line": 9,
                  "column": 0
                },
                "end": {
                  "line": 21,
                  "column": 2
                }
              }
            }
          ],
          "trailingComments": []
        }
      }
    ],
    "directives": []
  },
  "comments": [
    {
      "type": "CommentBlock",
      "value": "* This class enables automatic addition of Hamiltonian terms to a CPM\n * through their parameter names.\n *\n * For each parameter name, we specify one Hamiltonian term. If the parameter\n * is present, then a new instance of this term is initialized with the CPM's\n * configuration as parameter and added to the CPM. \n@type {object}\n@property {Constraint} J - An {@link Adhesion} constraint is added when there is a parameter J.\n@property {Constraint} LAMBDA_V - A {@link VolumeConstraint} is added when there is a parameter LAMBDA_V.\n@property {Constraint} LAMBDA_P - A {@link PerimeterConstraint} is added when there is a parameter LAMBDA_P.\n@property {Constraint} LAMBDA_ACT - An {@link ActivityConstraint} is added when there is a parameter LAMBDA_ACT.\n@property {Constraint} IS_BARRIER - A {@link BarrierConstraint} is added when there is a parameter IS_BARRIER.\n",
      "start": 264,
      "end": 1134,
      "loc": {
        "start": {
          "line": 9,
          "column": 0
        },
        "end": {
          "line": 21,
          "column": 2
        }
      }
    }
  ],
  "tokens": [
    {
      "type": {
        "label": "import",
        "keyword": "import",
        "beforeExpr": false,
        "startsExpr": true,
        "rightAssociative": false,
        "isLoop": false,
        "isAssign": false,
        "prefix": false,
        "postfix": false,
        "binop": null,
        "updateContext": null
      },
      "value": "import",
      "start": 2,
      "end": 8,
      "loc": {
        "start": {
          "line": 3,
          "column": 0
        },
        "end": {
          "line": 3,
          "column": 6
        }
      }
    },
    {
      "type": {
        "label": "name",
        "beforeExpr": false,
        "startsExpr": true,
        "rightAssociative": false,
        "isLoop": false,
        "isAssign": false,
        "prefix": false,
        "postfix": false,
        "binop": null
      },
      "value": "Adhesion",
      "start": 9,
      "end": 17,
      "loc": {
        "start": {
          "line": 3,
          "column": 7
        },
        "end": {
          "line": 3,
          "column": 15
        }
      }
    },
    {
      "type": {
        "label": "name",
        "beforeExpr": false,
        "startsExpr": true,
        "rightAssociative": false,
        "isLoop": false,
        "isAssign": false,
        "prefix": false,
        "postfix": false,
        "binop": null
      },
      "value": "from",
      "start": 18,
      "end": 22,
      "loc": {
        "start": {
          "line": 3,
          "column": 16
        },
        "end": {
          "line": 3,
          "column": 20
        }
      }
    },
    {
      "type": {
        "label": "string",
        "beforeExpr": false,
        "startsExpr": true,
        "rightAssociative": false,
        "isLoop": false,
        "isAssign": false,
        "prefix": false,
        "postfix": false,
        "binop": null,
        "updateContext": null
      },
      "value": "./Adhesion.js",
      "start": 23,
      "end": 38,
      "loc": {
        "start": {
          "line": 3,
          "column": 21
        },
        "end": {
          "line": 3,
          "column": 36
        }
      }
    },
    {
      "type": {
        "label": "import",
        "keyword": "import",
        "beforeExpr": false,
        "startsExpr": true,
        "rightAssociative": false,
        "isLoop": false,
        "isAssign": false,
        "prefix": false,
        "postfix": false,
        "binop": null,
        "updateContext": null
      },
      "value": "import",
      "start": 39,
      "end": 45,
      "loc": {
        "start": {
          "line": 4,
          "column": 0
        },
        "end": {
          "line": 4,
          "column": 6
        }
      }
    },
    {
      "type": {
        "label": "name",
        "beforeExpr": false,
        "startsExpr": true,
        "rightAssociative": false,
        "isLoop": false,
        "isAssign": false,
        "prefix": false,
        "postfix": false,
        "binop": null
      },
      "value": "VolumeConstraint",
      "start": 46,
      "end": 62,
      "loc": {
        "start": {
          "line": 4,
          "column": 7
        },
        "end": {
          "line": 4,
          "column": 23
        }
      }
    },
    {
      "type": {
        "label": "name",
        "beforeExpr": false,
        "startsExpr": true,
        "rightAssociative": false,
        "isLoop": false,
        "isAssign": false,
        "prefix": false,
        "postfix": false,
        "binop": null
      },
      "value": "from",
      "start": 63,
      "end": 67,
      "loc": {
        "start": {
          "line": 4,
          "column": 24
        },
        "end": {
          "line": 4,
          "column": 28
        }
      }
    },
    {
      "type": {
        "label": "string",
        "beforeExpr": false,
        "startsExpr": true,
        "rightAssociative": false,
        "isLoop": false,
        "isAssign": false,
        "prefix": false,
        "postfix": false,
        "binop": null,
        "updateContext": null
      },
      "value": "./VolumeConstraint.js",
      "start": 68,
      "end": 91,
      "loc": {
        "start": {
          "line": 4,
          "column": 29
        },
        "end": {
          "line": 4,
          "column": 52
        }
      }
    },
    {
      "type": {
        "label": "import",
        "keyword": "import",
        "beforeExpr": false,
        "startsExpr": true,
        "rightAssociative": false,
        "isLoop": false,
        "isAssign": false,
        "prefix": false,
        "postfix": false,
        "binop": null,
        "updateContext": null
      },
      "value": "import",
      "start": 92,
      "end": 98,
      "loc": {
        "start": {
          "line": 5,
          "column": 0
        },
        "end": {
          "line": 5,
          "column": 6
        }
      }
    },
    {
      "type": {
        "label": "name",
        "beforeExpr": false,
        "startsExpr": true,
        "rightAssociative": false,
        "isLoop": false,
        "isAssign": false,
        "prefix": false,
        "postfix": false,
        "binop": null
      },
      "value": "ActivityConstraint",
      "start": 99,
      "end": 117,
      "loc": {
        "start": {
          "line": 5,
          "column": 7
        },
        "end": {
          "line": 5,
          "column": 25
        }
      }
    },
    {
      "type": {
        "label": "name",
        "beforeExpr": false,
        "startsExpr": true,
        "rightAssociative": false,
        "isLoop": false,
        "isAssign": false,
        "prefix": false,
        "postfix": false,
        "binop": null
      },
      "value": "from",
      "start": 118,
      "end": 122,
      "loc": {
        "start": {
          "line": 5,
          "column": 26
        },
        "end": {
          "line": 5,
          "column": 30
        }
      }
    },
    {
      "type": {
        "label": "string",
        "beforeExpr": false,
        "startsExpr": true,
        "rightAssociative": false,
        "isLoop": false,
        "isAssign": false,
        "prefix": false,
        "postfix": false,
        "binop": null,
        "updateContext": null
      },
      "value": "./ActivityConstraint.js",
      "start": 123,
      "end": 148,
      "loc": {
        "start": {
          "line": 5,
          "column": 31
        },
        "end": {
          "line": 5,
          "column": 56
        }
      }
    },
    {
      "type": {
        "label": "import",
        "keyword": "import",
        "beforeExpr": false,
        "startsExpr": true,
        "rightAssociative": false,
        "isLoop": false,
        "isAssign": false,
        "prefix": false,
        "postfix": false,
        "binop": null,
        "updateContext": null
      },
      "value": "import",
      "start": 149,
      "end": 155,
      "loc": {
        "start": {
          "line": 6,
          "column": 0
        },
        "end": {
          "line": 6,
          "column": 6
        }
      }
    },
    {
      "type": {
        "label": "name",
        "beforeExpr": false,
        "startsExpr": true,
        "rightAssociative": false,
        "isLoop": false,
        "isAssign": false,
        "prefix": false,
        "postfix": false,
        "binop": null
      },
      "value": "PerimeterConstraint",
      "start": 156,
      "end": 175,
      "loc": {
        "start": {
          "line": 6,
          "column": 7
        },
        "end": {
          "line": 6,
          "column": 26
        }
      }
    },
    {
      "type": {
        "label": "name",
        "beforeExpr": false,
        "startsExpr": true,
        "rightAssociative": false,
        "isLoop": false,
        "isAssign": false,
        "prefix": false,
        "postfix": false,
        "binop": null
      },
      "value": "from",
      "start": 176,
      "end": 180,
      "loc": {
        "start": {
          "line": 6,
          "column": 27
        },
        "end": {
          "line": 6,
          "column": 31
        }
      }
    },
    {
      "type": {
        "label": "string",
        "beforeExpr": false,
        "startsExpr": true,
        "rightAssociative": false,
        "isLoop": false,
        "isAssign": false,
        "prefix": false,
        "postfix": false,
        "binop": null,
        "updateContext": null
      },
      "value": "./PerimeterConstraint.js",
      "start": 181,
      "end": 207,
      "loc": {
        "start": {
          "line": 6,
          "column": 32
        },
        "end": {
          "line": 6,
          "column": 58
        }
      }
    },
    {
      "type": {
        "label": "import",
        "keyword": "import",
        "beforeExpr": false,
        "startsExpr": true,
        "rightAssociative": false,
        "isLoop": false,
        "isAssign": false,
        "prefix": false,
        "postfix": false,
        "binop": null,
        "updateContext": null
      },
      "value": "import",
      "start": 208,
      "end": 214,
      "loc": {
        "start": {
          "line": 7,
          "column": 0
        },
        "end": {
          "line": 7,
          "column": 6
        }
      }
    },
    {
      "type": {
        "label": "name",
        "beforeExpr": false,
        "startsExpr": true,
        "rightAssociative": false,
        "isLoop": false,
        "isAssign": false,
        "prefix": false,
        "postfix": false,
        "binop": null
      },
      "value": "BarrierConstraint",
      "start": 215,
      "end": 232,
      "loc": {
        "start": {
          "line": 7,
          "column": 7
        },
        "end": {
          "line": 7,
          "column": 24
        }
      }
    },
    {
      "type": {
        "label": "name",
        "beforeExpr": false,
        "startsExpr": true,
        "rightAssociative": false,
        "isLoop": false,
        "isAssign": false,
        "prefix": false,
        "postfix": false,
        "binop": null
      },
      "value": "from",
      "start": 233,
      "end": 237,
      "loc": {
        "start": {
          "line": 7,
          "column": 25
        },
        "end": {
          "line": 7,
          "column": 29
        }
      }
    },
    {
      "type": {
        "label": "string",
        "beforeExpr": false,
        "startsExpr": true,
        "rightAssociative": false,
        "isLoop": false,
        "isAssign": false,
        "prefix": false,
        "postfix": false,
        "binop": null,
        "updateContext": null
      },
      "value": "./BarrierConstraint.js",
      "start": 238,
      "end": 262,
      "loc": {
        "start": {
          "line": 7,
          "column": 30
        },
        "end": {
          "line": 7,
          "column": 54
        }
      }
    },
    {
      "type": "CommentBlock",
      "value": "* This class enables automatic addition of Hamiltonian terms to a CPM\n * through their parameter names.\n *\n * For each parameter name, we specify one Hamiltonian term. If the parameter\n * is present, then a new instance of this term is initialized with the CPM's\n * configuration as parameter and added to the CPM. \n@type {object}\n@property {Constraint} J - An {@link Adhesion} constraint is added when there is a parameter J.\n@property {Constraint} LAMBDA_V - A {@link VolumeConstraint} is added when there is a parameter LAMBDA_V.\n@property {Constraint} LAMBDA_P - A {@link PerimeterConstraint} is added when there is a parameter LAMBDA_P.\n@property {Constraint} LAMBDA_ACT - An {@link ActivityConstraint} is added when there is a parameter LAMBDA_ACT.\n@property {Constraint} IS_BARRIER - A {@link BarrierConstraint} is added when there is a parameter IS_BARRIER.\n",
      "start": 264,
      "end": 1134,
      "loc": {
        "start": {
          "line": 9,
          "column": 0
        },
        "end": {
          "line": 21,
          "column": 2
        }
      }
    },
    {
      "type": {
        "label": "let",
        "keyword": "let",
        "beforeExpr": false,
        "startsExpr": false,
        "rightAssociative": false,
        "isLoop": false,
        "isAssign": false,
        "prefix": false,
        "postfix": false,
        "binop": null,
        "updateContext": null
      },
      "value": "let",
      "start": 1135,
      "end": 1138,
      "loc": {
        "start": {
          "line": 22,
          "column": 0
        },
        "end": {
          "line": 22,
          "column": 3
        }
      }
    },
    {
      "type": {
        "label": "name",
        "beforeExpr": false,
        "startsExpr": true,
        "rightAssociative": false,
        "isLoop": false,
        "isAssign": false,
        "prefix": false,
        "postfix": false,
        "binop": null
      },
      "value": "AutoAdderConfig",
      "start": 1139,
      "end": 1154,
      "loc": {
        "start": {
          "line": 22,
          "column": 4
        },
        "end": {
          "line": 22,
          "column": 19
        }
      }
    },
    {
      "type": {
        "label": "=",
        "beforeExpr": true,
        "startsExpr": false,
        "rightAssociative": false,
        "isLoop": false,
        "isAssign": true,
        "prefix": false,
        "postfix": false,
        "binop": null,
        "updateContext": null
      },
      "value": "=",
      "start": 1155,
      "end": 1156,
      "loc": {
        "start": {
          "line": 22,
          "column": 20
        },
        "end": {
          "line": 22,
          "column": 21
        }
      }
    },
    {
      "type": {
        "label": "{",
        "beforeExpr": true,
        "startsExpr": true,
        "rightAssociative": false,
        "isLoop": false,
        "isAssign": false,
        "prefix": false,
        "postfix": false,
        "binop": null
      },
      "start": 1157,
      "end": 1158,
      "loc": {
        "start": {
          "line": 22,
          "column": 22
        },
        "end": {
          "line": 22,
          "column": 23
        }
      }
    },
    {
      "type": {
        "label": "name",
        "beforeExpr": false,
        "startsExpr": true,
        "rightAssociative": false,
        "isLoop": false,
        "isAssign": false,
        "prefix": false,
        "postfix": false,
        "binop": null
      },
      "value": "J",
      "start": 1160,
      "end": 1161,
      "loc": {
        "start": {
          "line": 23,
          "column": 1
        },
        "end": {
          "line": 23,
          "column": 2
        }
      }
    },
    {
      "type": {
        "label": ":",
        "beforeExpr": true,
        "startsExpr": false,
        "rightAssociative": false,
        "isLoop": false,
        "isAssign": false,
        "prefix": false,
        "postfix": false,
        "binop": null,
        "updateContext": null
      },
      "start": 1162,
      "end": 1163,
      "loc": {
        "start": {
          "line": 23,
          "column": 3
        },
        "end": {
          "line": 23,
          "column": 4
        }
      }
    },
    {
      "type": {
        "label": "name",
        "beforeExpr": false,
        "startsExpr": true,
        "rightAssociative": false,
        "isLoop": false,
        "isAssign": false,
        "prefix": false,
        "postfix": false,
        "binop": null
      },
      "value": "Adhesion",
      "start": 1164,
      "end": 1172,
      "loc": {
        "start": {
          "line": 23,
          "column": 5
        },
        "end": {
          "line": 23,
          "column": 13
        }
      }
    },
    {
      "type": {
        "label": ",",
        "beforeExpr": true,
        "startsExpr": false,
        "rightAssociative": false,
        "isLoop": false,
        "isAssign": false,
        "prefix": false,
        "postfix": false,
        "binop": null,
        "updateContext": null
      },
      "start": 1172,
      "end": 1173,
      "loc": {
        "start": {
          "line": 23,
          "column": 13
        },
        "end": {
          "line": 23,
          "column": 14
        }
      }
    },
    {
      "type": {
        "label": "name",
        "beforeExpr": false,
        "startsExpr": true,
        "rightAssociative": false,
        "isLoop": false,
        "isAssign": false,
        "prefix": false,
        "postfix": false,
        "binop": null
      },
      "value": "LAMBDA_V",
      "start": 1175,
      "end": 1183,
      "loc": {
        "start": {
          "line": 24,
          "column": 1
        },
        "end": {
          "line": 24,
          "column": 9
        }
      }
    },
    {
      "type": {
        "label": ":",
        "beforeExpr": true,
        "startsExpr": false,
        "rightAssociative": false,
        "isLoop": false,
        "isAssign": false,
        "prefix": false,
        "postfix": false,
        "binop": null,
        "updateContext": null
      },
      "start": 1184,
      "end": 1185,
      "loc": {
        "start": {
          "line": 24,
          "column": 10
        },
        "end": {
          "line": 24,
          "column": 11
        }
      }
    },
    {
      "type": {
        "label": "name",
        "beforeExpr": false,
        "startsExpr": true,
        "rightAssociative": false,
        "isLoop": false,
        "isAssign": false,
        "prefix": false,
        "postfix": false,
        "binop": null
      },
      "value": "VolumeConstraint",
      "start": 1186,
      "end": 1202,
      "loc": {
        "start": {
          "line": 24,
          "column": 12
        },
        "end": {
          "line": 24,
          "column": 28
        }
      }
    },
    {
      "type": {
        "label": ",",
        "beforeExpr": true,
        "startsExpr": false,
        "rightAssociative": false,
        "isLoop": false,
        "isAssign": false,
        "prefix": false,
        "postfix": false,
        "binop": null,
        "updateContext": null
      },
      "start": 1202,
      "end": 1203,
      "loc": {
        "start": {
          "line": 24,
          "column": 28
        },
        "end": {
          "line": 24,
          "column": 29
        }
      }
    },
    {
      "type": {
        "label": "name",
        "beforeExpr": false,
        "startsExpr": true,
        "rightAssociative": false,
        "isLoop": false,
        "isAssign": false,
        "prefix": false,
        "postfix": false,
        "binop": null
      },
      "value": "LAMBDA_ACT",
      "start": 1205,
      "end": 1215,
      "loc": {
        "start": {
          "line": 25,
          "column": 1
        },
        "end": {
          "line": 25,
          "column": 11
        }
      }
    },
    {
      "type": {
        "label": ":",
        "beforeExpr": true,
        "startsExpr": false,
        "rightAssociative": false,
        "isLoop": false,
        "isAssign": false,
        "prefix": false,
        "postfix": false,
        "binop": null,
        "updateContext": null
      },
      "start": 1216,
      "end": 1217,
      "loc": {
        "start": {
          "line": 25,
          "column": 12
        },
        "end": {
          "line": 25,
          "column": 13
        }
      }
    },
    {
      "type": {
        "label": "name",
        "beforeExpr": false,
        "startsExpr": true,
        "rightAssociative": false,
        "isLoop": false,
        "isAssign": false,
        "prefix": false,
        "postfix": false,
        "binop": null
      },
      "value": "ActivityConstraint",
      "start": 1218,
      "end": 1236,
      "loc": {
        "start": {
          "line": 25,
          "column": 14
        },
        "end": {
          "line": 25,
          "column": 32
        }
      }
    },
    {
      "type": {
        "label": ",",
        "beforeExpr": true,
        "startsExpr": false,
        "rightAssociative": false,
        "isLoop": false,
        "isAssign": false,
        "prefix": false,
        "postfix": false,
        "binop": null,
        "updateContext": null
      },
      "start": 1236,
      "end": 1237,
      "loc": {
        "start": {
          "line": 25,
          "column": 32
        },
        "end": {
          "line": 25,
          "column": 33
        }
      }
    },
    {
      "type": {
        "label": "name",
        "beforeExpr": false,
        "startsExpr": true,
        "rightAssociative": false,
        "isLoop": false,
        "isAssign": false,
        "prefix": false,
        "postfix": false,
        "binop": null
      },
      "value": "LAMBDA_P",
      "start": 1239,
      "end": 1247,
      "loc": {
        "start": {
          "line": 26,
          "column": 1
        },
        "end": {
          "line": 26,
          "column": 9
        }
      }
    },
    {
      "type": {
        "label": ":",
        "beforeExpr": true,
        "startsExpr": false,
        "rightAssociative": false,
        "isLoop": false,
        "isAssign": false,
        "prefix": false,
        "postfix": false,
        "binop": null,
        "updateContext": null
      },
      "start": 1248,
      "end": 1249,
      "loc": {
        "start": {
          "line": 26,
          "column": 10
        },
        "end": {
          "line": 26,
          "column": 11
        }
      }
    },
    {
      "type": {
        "label": "name",
        "beforeExpr": false,
        "startsExpr": true,
        "rightAssociative": false,
        "isLoop": false,
        "isAssign": false,
        "prefix": false,
        "postfix": false,
        "binop": null
      },
      "value": "PerimeterConstraint",
      "start": 1250,
      "end": 1269,
      "loc": {
        "start": {
          "line": 26,
          "column": 12
        },
        "end": {
          "line": 26,
          "column": 31
        }
      }
    },
    {
      "type": {
        "label": ",",
        "beforeExpr": true,
        "startsExpr": false,
        "rightAssociative": false,
        "isLoop": false,
        "isAssign": false,
        "prefix": false,
        "postfix": false,
        "binop": null,
        "updateContext": null
      },
      "start": 1269,
      "end": 1270,
      "loc": {
        "start": {
          "line": 26,
          "column": 31
        },
        "end": {
          "line": 26,
          "column": 32
        }
      }
    },
    {
      "type": {
        "label": "name",
        "beforeExpr": false,
        "startsExpr": true,
        "rightAssociative": false,
        "isLoop": false,
        "isAssign": false,
        "prefix": false,
        "postfix": false,
        "binop": null
      },
      "value": "IS_BARRIER",
      "start": 1272,
      "end": 1282,
      "loc": {
        "start": {
          "line": 27,
          "column": 1
        },
        "end": {
          "line": 27,
          "column": 11
        }
      }
    },
    {
      "type": {
        "label": ":",
        "beforeExpr": true,
        "startsExpr": false,
        "rightAssociative": false,
        "isLoop": false,
        "isAssign": false,
        "prefix": false,
        "postfix": false,
        "binop": null,
        "updateContext": null
      },
      "start": 1283,
      "end": 1284,
      "loc": {
        "start": {
          "line": 27,
          "column": 12
        },
        "end": {
          "line": 27,
          "column": 13
        }
      }
    },
    {
      "type": {
        "label": "name",
        "beforeExpr": false,
        "startsExpr": true,
        "rightAssociative": false,
        "isLoop": false,
        "isAssign": false,
        "prefix": false,
        "postfix": false,
        "binop": null
      },
      "value": "BarrierConstraint",
      "start": 1285,
      "end": 1302,
      "loc": {
        "start": {
          "line": 27,
          "column": 14
        },
        "end": {
          "line": 27,
          "column": 31
        }
      }
    },
    {
      "type": {
        "label": "}",
        "beforeExpr": false,
        "startsExpr": false,
        "rightAssociative": false,
        "isLoop": false,
        "isAssign": false,
        "prefix": false,
        "postfix": false,
        "binop": null
      },
      "start": 1303,
      "end": 1304,
      "loc": {
        "start": {
          "line": 28,
          "column": 0
        },
        "end": {
          "line": 28,
          "column": 1
        }
      }
    },
    {
      "type": {
        "label": "export",
        "keyword": "export",
        "beforeExpr": false,
        "startsExpr": false,
        "rightAssociative": false,
        "isLoop": false,
        "isAssign": false,
        "prefix": false,
        "postfix": false,
        "binop": null,
        "updateContext": null
      },
      "value": "export",
      "start": 1306,
      "end": 1312,
      "loc": {
        "start": {
          "line": 30,
          "column": 0
        },
        "end": {
          "line": 30,
          "column": 6
        }
      }
    },
    {
      "type": {
        "label": "default",
        "keyword": "default",
        "beforeExpr": true,
        "startsExpr": false,
        "rightAssociative": false,
        "isLoop": false,
        "isAssign": false,
        "prefix": false,
        "postfix": false,
        "binop": null,
        "updateContext": null
      },
      "value": "default",
      "start": 1313,
      "end": 1320,
      "loc": {
        "start": {
          "line": 30,
          "column": 7
        },
        "end": {
          "line": 30,
          "column": 14
        }
      }
    },
    {
      "type": {
        "label": "name",
        "beforeExpr": false,
        "startsExpr": true,
        "rightAssociative": false,
        "isLoop": false,
        "isAssign": false,
        "prefix": false,
        "postfix": false,
        "binop": null
      },
      "value": "AutoAdderConfig",
      "start": 1321,
      "end": 1336,
      "loc": {
        "start": {
          "line": 30,
          "column": 15
        },
        "end": {
          "line": 30,
          "column": 30
        }
      }
    },
    {
      "type": {
        "label": "eof",
        "beforeExpr": false,
        "startsExpr": false,
        "rightAssociative": false,
        "isLoop": false,
        "isAssign": false,
        "prefix": false,
        "postfix": false,
        "binop": null,
        "updateContext": null
      },
      "start": 1337,
      "end": 1337,
      "loc": {
        "start": {
          "line": 31,
          "column": 0
        },
        "end": {
          "line": 31,
          "column": 0
        }
      }
    }
  ]
}