{
  "type": "File",
  "start": 0,
  "end": 1868,
  "loc": {
    "start": {
      "line": 1,
      "column": 0
    },
    "end": {
      "line": 46,
      "column": 51
    }
  },
  "program": {
    "type": "Program",
    "start": 0,
    "end": 1868,
    "loc": {
      "start": {
        "line": 1,
        "column": 0
      },
      "end": {
        "line": 46,
        "column": 51
      }
    },
    "sourceType": "module",
    "body": [],
    "directives": [],
    "leadingComments": null,
    "innerComments": [
      {
        "type": "CommentBlock",
        "value": "* An array containing parameter values for each {@link CellKind}.\n * Each element in the array is a non-negative number, and the value for\n * CellKind k is stored in array[k].\n * @example\n * // V[0] is for the background, V[1] for the first real cellkind.\n * let V = [0,500]\n * @typedef {number[]} PerKindNonNegative\n * ",
        "start": 0,
        "end": 324,
        "loc": {
          "start": {
            "line": 1,
            "column": 0
          },
          "end": {
            "line": 8,
            "column": 5
          }
        }
      },
      {
        "type": "CommentBlock",
        "value": "* An array containing parameter values for each {@link CellKind}.\n * Each element in the array is a number between 0 and 1, and the value for\n * CellKind k is stored in array[k].\n * @example\n * // PERSIST[0] is for the background\n * // PERSIST[1] for the first real cellkind.\n * let PERSIST = [0,0.8]\n * @typedef {number[]} PerKindProb\n * ",
        "start": 326,
        "end": 669,
        "loc": {
          "start": {
            "line": 10,
            "column": 0
          },
          "end": {
            "line": 18,
            "column": 5
          }
        }
      },
      {
        "type": "CommentBlock",
        "value": "* An array containing parameter values for each {@link CellKind}.\n * Each element in the array is an array of some length, and the array for\n * CellKind k is stored in array[k].\n * @example\n * let LAMBDA_ACT_MBG = [[0,0],[0,0],[800,100]]\n * @typedef {number[]} PerKindArray ",
        "start": 671,
        "end": 949,
        "loc": {
          "start": {
            "line": 20,
            "column": 0
          },
          "end": {
            "line": 25,
            "column": 38
          }
        }
      },
      {
        "type": "CommentBlock",
        "value": "* An array containing parameter values for each {@link CellKind}.\n * Each element in the array is a boolean, and the value for CellKind k is\n * stored in array[k].\n * @example\n * // IS_BARRIER[0] is for the background; cellkind 1 is the \"barrier\"\n * // and 2 is a real cell.\n * let IS_BARRIER = [false,true,false]\n * @typedef {boolean[]} PerKindBoolean ",
        "start": 951,
        "end": 1308,
        "loc": {
          "start": {
            "line": 27,
            "column": 0
          },
          "end": {
            "line": 34,
            "column": 41
          }
        }
      },
      {
        "type": "CommentBlock",
        "value": "* An array of arrays containing interaction parameter values for each\n * {@link CellKind} - combination. Each element in the array is a non-negative\n * number, and X[n][m] contains the value for an interaction between cellkinds\n * n and m.\n * @example\n * // J[0][0] between two background pixels is always zero.\n * // Not that it matters, because the background has a\n * // single cellid of zero -- so there are no pairs\n * // of background pixels from different cells anyway.\n * let J = [[0,20],[20,10]]\n * @typedef {number[]} CellKindInteractionMatrix ",
        "start": 1310,
        "end": 1868,
        "loc": {
          "start": {
            "line": 36,
            "column": 0
          },
          "end": {
            "line": 46,
            "column": 51
          }
        }
      }
    ]
  },
  "comments": [
    {
      "type": "CommentBlock",
      "value": "* An array containing parameter values for each {@link CellKind}.\n * Each element in the array is a non-negative number, and the value for\n * CellKind k is stored in array[k].\n * @example\n * // V[0] is for the background, V[1] for the first real cellkind.\n * let V = [0,500]\n * @typedef {number[]} PerKindNonNegative\n * ",
      "start": 0,
      "end": 324,
      "loc": {
        "start": {
          "line": 1,
          "column": 0
        },
        "end": {
          "line": 8,
          "column": 5
        }
      }
    },
    {
      "type": "CommentBlock",
      "value": "* An array containing parameter values for each {@link CellKind}.\n * Each element in the array is a number between 0 and 1, and the value for\n * CellKind k is stored in array[k].\n * @example\n * // PERSIST[0] is for the background\n * // PERSIST[1] for the first real cellkind.\n * let PERSIST = [0,0.8]\n * @typedef {number[]} PerKindProb\n * ",
      "start": 326,
      "end": 669,
      "loc": {
        "start": {
          "line": 10,
          "column": 0
        },
        "end": {
          "line": 18,
          "column": 5
        }
      }
    },
    {
      "type": "CommentBlock",
      "value": "* An array containing parameter values for each {@link CellKind}.\n * Each element in the array is an array of some length, and the array for\n * CellKind k is stored in array[k].\n * @example\n * let LAMBDA_ACT_MBG = [[0,0],[0,0],[800,100]]\n * @typedef {number[]} PerKindArray ",
      "start": 671,
      "end": 949,
      "loc": {
        "start": {
          "line": 20,
          "column": 0
        },
        "end": {
          "line": 25,
          "column": 38
        }
      }
    },
    {
      "type": "CommentBlock",
      "value": "* An array containing parameter values for each {@link CellKind}.\n * Each element in the array is a boolean, and the value for CellKind k is\n * stored in array[k].\n * @example\n * // IS_BARRIER[0] is for the background; cellkind 1 is the \"barrier\"\n * // and 2 is a real cell.\n * let IS_BARRIER = [false,true,false]\n * @typedef {boolean[]} PerKindBoolean ",
      "start": 951,
      "end": 1308,
      "loc": {
        "start": {
          "line": 27,
          "column": 0
        },
        "end": {
          "line": 34,
          "column": 41
        }
      }
    },
    {
      "type": "CommentBlock",
      "value": "* An array of arrays containing interaction parameter values for each\n * {@link CellKind} - combination. Each element in the array is a non-negative\n * number, and X[n][m] contains the value for an interaction between cellkinds\n * n and m.\n * @example\n * // J[0][0] between two background pixels is always zero.\n * // Not that it matters, because the background has a\n * // single cellid of zero -- so there are no pairs\n * // of background pixels from different cells anyway.\n * let J = [[0,20],[20,10]]\n * @typedef {number[]} CellKindInteractionMatrix ",
      "start": 1310,
      "end": 1868,
      "loc": {
        "start": {
          "line": 36,
          "column": 0
        },
        "end": {
          "line": 46,
          "column": 51
        }
      }
    }
  ],
  "tokens": [
    {
      "type": "CommentBlock",
      "value": "* An array containing parameter values for each {@link CellKind}.\n * Each element in the array is a non-negative number, and the value for\n * CellKind k is stored in array[k].\n * @example\n * // V[0] is for the background, V[1] for the first real cellkind.\n * let V = [0,500]\n * @typedef {number[]} PerKindNonNegative\n * ",
      "start": 0,
      "end": 324,
      "loc": {
        "start": {
          "line": 1,
          "column": 0
        },
        "end": {
          "line": 8,
          "column": 5
        }
      }
    },
    {
      "type": "CommentBlock",
      "value": "* An array containing parameter values for each {@link CellKind}.\n * Each element in the array is a number between 0 and 1, and the value for\n * CellKind k is stored in array[k].\n * @example\n * // PERSIST[0] is for the background\n * // PERSIST[1] for the first real cellkind.\n * let PERSIST = [0,0.8]\n * @typedef {number[]} PerKindProb\n * ",
      "start": 326,
      "end": 669,
      "loc": {
        "start": {
          "line": 10,
          "column": 0
        },
        "end": {
          "line": 18,
          "column": 5
        }
      }
    },
    {
      "type": "CommentBlock",
      "value": "* An array containing parameter values for each {@link CellKind}.\n * Each element in the array is an array of some length, and the array for\n * CellKind k is stored in array[k].\n * @example\n * let LAMBDA_ACT_MBG = [[0,0],[0,0],[800,100]]\n * @typedef {number[]} PerKindArray ",
      "start": 671,
      "end": 949,
      "loc": {
        "start": {
          "line": 20,
          "column": 0
        },
        "end": {
          "line": 25,
          "column": 38
        }
      }
    },
    {
      "type": "CommentBlock",
      "value": "* An array containing parameter values for each {@link CellKind}.\n * Each element in the array is a boolean, and the value for CellKind k is\n * stored in array[k].\n * @example\n * // IS_BARRIER[0] is for the background; cellkind 1 is the \"barrier\"\n * // and 2 is a real cell.\n * let IS_BARRIER = [false,true,false]\n * @typedef {boolean[]} PerKindBoolean ",
      "start": 951,
      "end": 1308,
      "loc": {
        "start": {
          "line": 27,
          "column": 0
        },
        "end": {
          "line": 34,
          "column": 41
        }
      }
    },
    {
      "type": "CommentBlock",
      "value": "* An array of arrays containing interaction parameter values for each\n * {@link CellKind} - combination. Each element in the array is a non-negative\n * number, and X[n][m] contains the value for an interaction between cellkinds\n * n and m.\n * @example\n * // J[0][0] between two background pixels is always zero.\n * // Not that it matters, because the background has a\n * // single cellid of zero -- so there are no pairs\n * // of background pixels from different cells anyway.\n * let J = [[0,20],[20,10]]\n * @typedef {number[]} CellKindInteractionMatrix ",
      "start": 1310,
      "end": 1868,
      "loc": {
        "start": {
          "line": 36,
          "column": 0
        },
        "end": {
          "line": 46,
          "column": 51
        }
      }
    },
    {
      "type": {
        "label": "eof",
        "beforeExpr": false,
        "startsExpr": false,
        "rightAssociative": false,
        "isLoop": false,
        "isAssign": false,
        "prefix": false,
        "postfix": false,
        "binop": null,
        "updateContext": null
      },
      "start": 1868,
      "end": 1868,
      "loc": {
        "start": {
          "line": 46,
          "column": 51
        },
        "end": {
          "line": 46,
          "column": 51
        }
      }
    }
  ]
}