{
  "source": "./src",
  "destination": "./docs",
  "plugins": [
    {
      "name": "esdoc-standard-plugin",
      "option": {
        "test" : {
          "source" : "./spec/",
          "interfaces": ["describe", "it", "context", "suite", "test"],
          "includes": ["(spec|Spec|test|Test)\\.js$"],
          "excludes": ["\\.config\\.js$"]
        },
        "manual": {
          "index": "./manual/index.md",
          "asset": "./manual/asset",
          "files": [
            "./manual/installation.md",
            "./manual/quickstart.md",
	    "./manual/htmlTemplate.md"
          ]
        },
        "brand": {
          "repository": "https://github.com/ingewortel/cpmjs"
        }
      }
    }]
}
