{
  "coverage": "72.81%",
  "expectCount": 596,
  "actualCount": 434,
  "files": {
    "src/Canvas.js": {
      "expectCount": 41,
      "actualCount": 41,
      "undocumentLines": []
    },
    "src/DiceSet.js": {
      "expectCount": 10,
      "actualCount": 10,
      "undocumentLines": []
    },
    "src/converter/ArtistooImport.js": {
      "expectCount": 16,
      "actualCount": 0,
      "undocumentLines": [
        4,
        6,
        11,
        12,
        13,
        15,
        23,
        24,
        40,
        49,
        75,
        95,
        192,
        202,
        216,
        245
      ]
    },
    "src/converter/ArtistooWriter.js": {
      "expectCount": 25,
      "actualCount": 0,
      "undocumentLines": [
        3,
        5,
        8,
        9,
        10,
        11,
        12,
        16,
        17,
        18,
        19,
        21,
        25,
        34,
        43,
        49,
        76,
        92,
        97,
        106,
        213,
        222,
        342,
        359,
        372
      ]
    },
    "src/converter/ModelDescription.js": {
      "expectCount": 31,
      "actualCount": 1,
      "undocumentLines": [
        10,
        14,
        19,
        25,
        36,
        41,
        45,
        52,
        56,
        58,
        72,
        82,
        89,
        97,
        108,
        124,
        140,
        169,
        178,
        182,
        186,
        192,
        205,
        210,
        214,
        218,
        222,
        226,
        230,
        234
      ]
    },
    "src/converter/MorpheusImport.js": {
      "expectCount": 32,
      "actualCount": 0,
      "undocumentLines": [
        4,
        6,
        10,
        11,
        18,
        29,
        40,
        47,
        56,
        69,
        93,
        124,
        143,
        235,
        295,
        423,
        504,
        515,
        572,
        605,
        659,
        715,
        777,
        806,
        842,
        885,
        905,
        950,
        971,
        983,
        1027,
        1069
      ]
    },
    "src/converter/MorpheusWriter.js": {
      "expectCount": 35,
      "actualCount": 0,
      "undocumentLines": [
        3,
        5,
        9,
        12,
        14,
        16,
        20,
        30,
        43,
        54,
        63,
        68,
        72,
        83,
        87,
        93,
        102,
        110,
        114,
        160,
        177,
        195,
        218,
        285,
        292,
        318,
        337,
        356,
        392,
        440,
        458,
        484,
        505,
        587,
        675
      ]
    },
    "src/converter/Writer.js": {
      "expectCount": 14,
      "actualCount": 0,
      "undocumentLines": [
        2,
        4,
        5,
        7,
        15,
        16,
        17,
        19,
        22,
        26,
        99,
        105,
        120,
        148
      ]
    },
    "src/grid/CoarseGrid.js": {
      "expectCount": 8,
      "actualCount": 8,
      "undocumentLines": []
    },
    "src/grid/Grid.js": {
      "expectCount": 36,
      "actualCount": 35,
      "undocumentLines": [
        65
      ]
    },
    "src/grid/Grid2D.js": {
      "expectCount": 14,
      "actualCount": 13,
      "undocumentLines": [
        67
      ]
    },
    "src/grid/Grid3D.js": {
      "expectCount": 14,
      "actualCount": 13,
      "undocumentLines": [
        57
      ]
    },
    "src/grid/GridManipulator.js": {
      "expectCount": 14,
      "actualCount": 14,
      "undocumentLines": []
    },
    "src/hamiltonian/ActivityConstraint.js": {
      "expectCount": 11,
      "actualCount": 11,
      "undocumentLines": []
    },
    "src/hamiltonian/ActivityMultiBackground.js": {
      "expectCount": 9,
      "actualCount": 9,
      "undocumentLines": []
    },
    "src/hamiltonian/Adhesion.js": {
      "expectCount": 6,
      "actualCount": 6,
      "undocumentLines": []
    },
    "src/hamiltonian/AttractionPointConstraint.js": {
      "expectCount": 4,
      "actualCount": 4,
      "undocumentLines": []
    },
    "src/hamiltonian/AutoAdderConfig.js": {
      "expectCount": 1,
      "actualCount": 1,
      "undocumentLines": []
    },
    "src/hamiltonian/BarrierConstraint.js": {
      "expectCount": 4,
      "actualCount": 4,
      "undocumentLines": []
    },
    "src/hamiltonian/BorderConstraint.js": {
      "expectCount": 7,
      "actualCount": 7,
      "undocumentLines": []
    },
    "src/hamiltonian/ChemotaxisConstraint.js": {
      "expectCount": 10,
      "actualCount": 10,
      "undocumentLines": []
    },
    "src/hamiltonian/ConnectivityConstraint.js": {
      "expectCount": 14,
      "actualCount": 14,
      "undocumentLines": []
    },
    "src/hamiltonian/Constraint.js": {
      "expectCount": 8,
      "actualCount": 8,
      "undocumentLines": []
    },
    "src/hamiltonian/HardConstraint.js": {
      "expectCount": 3,
      "actualCount": 3,
      "undocumentLines": []
    },
    "src/hamiltonian/HardVolumeRangeConstraint.js": {
      "expectCount": 4,
      "actualCount": 4,
      "undocumentLines": []
    },
    "src/hamiltonian/LocalConnectivityConstraint.js": {
      "expectCount": 6,
      "actualCount": 6,
      "undocumentLines": []
    },
    "src/hamiltonian/ParameterChecker.js": {
      "expectCount": 18,
      "actualCount": 18,
      "undocumentLines": []
    },
    "src/hamiltonian/PerimeterConstraint.js": {
      "expectCount": 9,
      "actualCount": 9,
      "undocumentLines": []
    },
    "src/hamiltonian/PersistenceConstraint.js": {
      "expectCount": 14,
      "actualCount": 14,
      "undocumentLines": []
    },
    "src/hamiltonian/PreferredDirectionConstraint.js": {
      "expectCount": 4,
      "actualCount": 4,
      "undocumentLines": []
    },
    "src/hamiltonian/SoftConnectivityConstraint.js": {
      "expectCount": 16,
      "actualCount": 15,
      "undocumentLines": [
        26
      ]
    },
    "src/hamiltonian/SoftConstraint.js": {
      "expectCount": 3,
      "actualCount": 3,
      "undocumentLines": []
    },
    "src/hamiltonian/SoftLocalConnectivityConstraint.js": {
      "expectCount": 9,
      "actualCount": 9,
      "undocumentLines": []
    },
    "src/hamiltonian/VolumeConstraint.js": {
      "expectCount": 5,
      "actualCount": 5,
      "undocumentLines": []
    },
    "src/models/CA.js": {
      "expectCount": 5,
      "actualCount": 5,
      "undocumentLines": []
    },
    "src/models/CPM.js": {
      "expectCount": 36,
      "actualCount": 32,
      "undocumentLines": [
        114,
        115,
        245,
        417
      ]
    },
    "src/models/GridBasedModel.js": {
      "expectCount": 26,
      "actualCount": 25,
      "undocumentLines": [
        56
      ]
    },
    "src/simulation/Simulation.js": {
      "expectCount": 34,
      "actualCount": 33,
      "undocumentLines": [
        149
      ]
    },
    "src/stats/BorderPixelsByCell.js": {
      "expectCount": 4,
      "actualCount": 4,
      "undocumentLines": []
    },
    "src/stats/CellNeighborList.js": {
      "expectCount": 5,
      "actualCount": 5,
      "undocumentLines": []
    },
    "src/stats/Centroids.js": {
      "expectCount": 7,
      "actualCount": 7,
      "undocumentLines": []
    },
    "src/stats/CentroidsWithTorusCorrection.js": {
      "expectCount": 7,
      "actualCount": 7,
      "undocumentLines": []
    },
    "src/stats/ConnectedComponentsByCell.js": {
      "expectCount": 3,
      "actualCount": 3,
      "undocumentLines": []
    },
    "src/stats/ConnectedComponentsByCellBorder.js": {
      "expectCount": 3,
      "actualCount": 3,
      "undocumentLines": []
    },
    "src/stats/Connectedness.js": {
      "expectCount": 3,
      "actualCount": 3,
      "undocumentLines": []
    },
    "src/stats/PixelsByCell.js": {
      "expectCount": 2,
      "actualCount": 2,
      "undocumentLines": []
    },
    "src/stats/Stat.js": {
      "expectCount": 6,
      "actualCount": 6,
      "undocumentLines": []
    }
  }
}